Workbook

Sheet Summary
A1: PD240W - BOM cost summary
A2: Yellow cells are inputs. Change a build size and every price on the BOM tab re-looks-up its volume tier.
A4: Build sizes (boards)
A6: Build A | B6: 1
A7: Build B | B7: 10
A8: Build C | B8: 100
A10: Board content
A11: Unique line items (distinct LCSC parts) | B11: =COUNTA(BOM!F5:F60) -> 56
A12: Total placements per board | B12: =SUM(BOM!C5:C60) -> 209
A13: Basic-library parts | B13: =COUNTIF(BOM!J5:J60,"Basic") -> 6
A14: Preferred-library parts | B14: =COUNTIF(BOM!J5:J60,"Preferred") -> 1
A15: Extended-library parts (extra JLC setup fee each) | B15: =COUNTIF(BOM!J5:J60,"Extended") -> 49
A18: Component cost
A19: Build size (boards) | B19: Total BOM cost | C19: Cost per board
A20: =B6 -> 1 | B20: =BOM!N61 -> 58.7997 | C20: =IF(B6=0,0,B20/B6) -> 58.7997
A21: =B7 -> 10 | B21: =BOM!P61 -> 522.614 | C21: =IF(B7=0,0,B21/B7) -> 52.2614
A22: =B8 -> 100 | B22: =BOM!R61 -> 4489.81 | C22: =IF(B8=0,0,B22/B8) -> 44.8981
A25: Supply risk
A26: Parts out of stock at JLC | B26: =COUNTIF(BOM!S5:S60,"OUT OF STOCK") -> 1
A27: Parts short of the 10-board need | B27: =COUNTIF(BOM!S5:S60,"Low - under 10-board need") -> 1
A28: Parts short of the 100-board need | B28: =COUNTIF(BOM!S5:S60,"Tight - under 100-board need") -> 2
A31: Excluded from these figures: PCB fabrication, assembly, stencil, setup and extended-part fees, shipping, duty.
A32: Price source: JLCPCB/LCSC parts API, retrieved 2026-08-23. Quantities: KiCad export PCB_files/production/bom.csv (rev 1.1.0).

Sheet BOM
A1: PD240W - PCB Bill of Materials (JLCPCB / LCSC pricing)
A2: Prices in USD from LCSC/JLCPCB volume tiers. Unit price is looked up from the Price Tiers tab against the total quantity that build size requires. Source: JLCPCB parts API, retrieved 2026-08-23.
A4: # | B4: Designators | C4: Qty/Bd | D4: Value (KiCad) | E4: Footprint | F4: LCSC # | G4: Manufacturer Part No. | H4: Manufacturer | I4: Package | J4: JLC Library | K4: JLC Stock | L4: Description | M4: Unit $ @ 1 bd | N4: Ext $ @ 1 bd | O4: Unit $ @ 10 bd | P4: Ext $ @ 10 bd | Q4: Unit $ @ 100 bd | R4: Ext $ @ 100 bd | S4: Stock Status | T4: LCSC Link
A5: 1 | B5: C1, C3, C7 | C5: 3 | D5: 10n X7R 100V | E5: capc_1005_06_n | F5: C527014 | G5: CC0402KRX7R0BB103 | H5: YAGEO | I5: 0402 | J5: Extended | K5: 338390 | L5: Cap 10nF 100V X7R ±10% | M5: =INDEX('Price Tiers'!$H5:$M5,MATCH($C5*Summary!$B$6,'Price Tiers'!$B5:$G5,1)) -> 0.0129 | N5: =$C5*Summary!$B$6*M5 -> 0.0387 | O5: =INDEX('Price Tiers'!$H5:$M5,MATCH($C5*Summary!$B$7,'Price Tiers'!$B5:$G5,1)) -> 0.0129 | P5: =$C5*Summary!$B$7*O5 -> 0.387 | Q5: =INDEX('Price Tiers'!$H5:$M5,MATCH($C5*Summary!$B$8,'Price Tiers'!$B5:$G5,1)) -> 0.0129 | R5: =$C5*Summary!$B$8*Q5 -> 3.87 | S5: OK | T5: LCSC
A6: 2 | B6: C2, C34, C35, C36, C37, C53, C55, C56, C57, C58, C59, C60, C61 | C6: 13 | D6: 1u X7R 100V | E6: capc_2012_14_n | F6: C5370002 | G6: CC0805KKX7R0BB105 | H6: YAGEO | I6: 0805 | J6: Extended | K6: 436703 | L6: Cap 1uF 100V X7R ±10% | M6: =INDEX('Price Tiers'!$H6:$M6,MATCH($C6*Summary!$B$6,'Price Tiers'!$B6:$G6,1)) -> 0.1064 | N6: =$C6*Summary!$B$6*M6 -> 1.3832 | O6: =INDEX('Price Tiers'!$H6:$M6,MATCH($C6*Summary!$B$7,'Price Tiers'!$B6:$G6,1)) -> 0.0941 | P6: =$C6*Summary!$B$7*O6 -> 12.233 | Q6: =INDEX('Price Tiers'!$H6:$M6,MATCH($C6*Summary!$B$8,'Price Tiers'!$B6:$G6,1)) -> 0.0877 | R6: =$C6*Summary!$B$8*Q6 -> 114.01 | S6: OK | T6: LCSC
A7: 3 | B7: C5 | C7: 1 | D7: 4.7u | E7: capc_3225_22_n | F7: C913445 | G7: GCM32DC72A475KE02L | H7: Murata Electronics | I7: 1210 | J7: Extended | K7: 53357 | L7: Cap 4.7uF 100V X7S ±10% | M7: =INDEX('Price Tiers'!$H7:$M7,MATCH($C7*Summary!$B$6,'Price Tiers'!$B7:$G7,1)) -> 0.9111 | N7: =$C7*Summary!$B$6*M7 -> 0.9111 | O7: =INDEX('Price Tiers'!$H7:$M7,MATCH($C7*Summary!$B$7,'Price Tiers'!$B7:$G7,1)) -> 0.8056 | P7: =$C7*Summary!$B$7*O7 -> 8.056 | Q7: =INDEX('Price Tiers'!$H7:$M7,MATCH($C7*Summary!$B$8,'Price Tiers'!$B7:$G7,1)) -> 0.7032 | R7: =$C7*Summary!$B$8*Q7 -> 70.32 | S7: OK | T7: LCSC
A8: 4 | B8: C4, C6, C8, C10, C16, C20, C21, C23, C24, C25, C26, C27, C30, C31, C38, C39, C40, C41, C42, C43, C44, C45, C46, C47, C48, C49, C50, C51, C52, C54, C62, C63 | C8: 32 | D8: 100n X7R 100V | E8: capc_1608_09_l | F8: C15725 | G8: CL10B104KC8NNNC | H8: Samsung Electro-Mechanics | I8: 0603 | J8: Extended | K8: 1233663 | L8: Cap 100nF 100V X7R ±10% | M8: =INDEX('Price Tiers'!$H8:$M8,MATCH($C8*Summary!$B$6,'Price Tiers'!$B8:$G8,1)) -> 0.0157 | N8: =$C8*Summary!$B$6*M8 -> 0.5024 | O8: =INDEX('Price Tiers'!$H8:$M8,MATCH($C8*Summary!$B$7,'Price Tiers'!$B8:$G8,1)) -> 0.0157 | P8: =$C8*Summary!$B$7*O8 -> 5.024 | Q8: =INDEX('Price Tiers'!$H8:$M8,MATCH($C8*Summary!$B$8,'Price Tiers'!$B8:$G8,1)) -> 0.0104 | R8: =$C8*Summary!$B$8*Q8 -> 33.28 | S8: OK | T8: LCSC
A9: 5 | B9: C11, C13 | C9: 2 | D9: 220p X7R 50V | E9: capc_1005_06_l | F9: C296710 | G9: CL05B221KB5NNNC | H9: Samsung Electro-Mechanics | I9: 0402 | J9: Extended | K9: 119508 | L9: Cap 220pF 50V X7R ±10% | M9: =INDEX('Price Tiers'!$H9:$M9,MATCH($C9*Summary!$B$6,'Price Tiers'!$B9:$G9,1)) -> 0.0056 | N9: =$C9*Summary!$B$6*M9 -> 0.0112 | O9: =INDEX('Price Tiers'!$H9:$M9,MATCH($C9*Summary!$B$7,'Price Tiers'!$B9:$G9,1)) -> 0.0056 | P9: =$C9*Summary!$B$7*O9 -> 0.112 | Q9: =INDEX('Price Tiers'!$H9:$M9,MATCH($C9*Summary!$B$8,'Price Tiers'!$B9:$G9,1)) -> 0.0056 | R9: =$C9*Summary!$B$8*Q9 -> 1.12 | S9: OK | T9: LCSC
A10: 6 | B10: C9, C12, C14, C15, C28, C29, C65, C66, C67 | C10: 9 | D10: 10u X7R 63V | E10: capc_3225_27_n | F10: C437568 | G10: GRM32ER71J106KA12L | H10: Murata Electronics | I10: 1210 | J10: Extended | K10: 29931 | L10: Cap 10uF 63V X7R ±10% | M10: =INDEX('Price Tiers'!$H10:$M10,MATCH($C10*Summary!$B$6,'Price Tiers'!$B10:$G10,1)) -> 0.9046 | N10: =$C10*Summary!$B$6*M10 -> 8.1414 | O10: =INDEX('Price Tiers'!$H10:$M10,MATCH($C10*Summary!$B$7,'Price Tiers'!$B10:$G10,1)) -> 0.7406 | P10: =$C10*Summary!$B$7*O10 -> 66.654 | Q10: =INDEX('Price Tiers'!$H10:$M10,MATCH($C10*Summary!$B$8,'Price Tiers'!$B10:$G10,1)) -> 0.6805 | R10: =$C10*Summary!$B$8*Q10 -> 612.45 | S10: OK | T10: LCSC
A11: 7 | B11: C17, C18, C19 | C11: 3 | D11: 3.3u X5R 25V | E11: capc_1608_09_n | F11: C5360803 | G11: TCC0603X5R335M250CT | H11: CCTC | I11: 0603 | J11: Extended | K11: 101843 | L11: Cap 3.3uF 25V X5R ±20% | M11: =INDEX('Price Tiers'!$H11:$M11,MATCH($C11*Summary!$B$6,'Price Tiers'!$B11:$G11,1)) -> 0.027 | N11: =$C11*Summary!$B$6*M11 -> 0.081 | O11: =INDEX('Price Tiers'!$H11:$M11,MATCH($C11*Summary!$B$7,'Price Tiers'!$B11:$G11,1)) -> 0.027 | P11: =$C11*Summary!$B$7*O11 -> 0.81 | Q11: =INDEX('Price Tiers'!$H11:$M11,MATCH($C11*Summary!$B$8,'Price Tiers'!$B11:$G11,1)) -> 0.0215 | R11: =$C11*Summary!$B$8*Q11 -> 6.45 | S11: OK | T11: LCSC
A12: 8 | B12: C22 | C12: 1 | D12: 2.2u X7R 100V | E12: capc_2012_14_m | F12: C22367838 | G12: HHV0805R7225K101NSLJ | H12: Chinocera | I12: 0805 | J12: Extended | K12: 103869 | L12: Cap 2.2uF 100V X7R ±10% | M12: =INDEX('Price Tiers'!$H12:$M12,MATCH($C12*Summary!$B$6,'Price Tiers'!$B12:$G12,1)) -> 0.3557 | N12: =$C12*Summary!$B$6*M12 -> 0.3557 | O12: =INDEX('Price Tiers'!$H12:$M12,MATCH($C12*Summary!$B$7,'Price Tiers'!$B12:$G12,1)) -> 0.2745 | P12: =$C12*Summary!$B$7*O12 -> 2.745 | Q12: =INDEX('Price Tiers'!$H12:$M12,MATCH($C12*Summary!$B$8,'Price Tiers'!$B12:$G12,1)) -> 0.1998 | R12: =$C12*Summary!$B$8*Q12 -> 19.98 | S12: OK | T12: LCSC
A13: 9 | B13: C32, C33 | C13: 2 | D13: 15p COG 50V | E13: capc_1005_06_n | F13: C1548 | G13: 0402CG150J500NT | H13: FH (Guangdong Fenghua) | I13: 0402 | J13: Basic | K13: 2022686 | L13: Cap 15pF 50V C0G ±5% | M13: =INDEX('Price Tiers'!$H13:$M13,MATCH($C13*Summary!$B$6,'Price Tiers'!$B13:$G13,1)) -> 0.0047 | N13: =$C13*Summary!$B$6*M13 -> 0.0094 | O13: =INDEX('Price Tiers'!$H13:$M13,MATCH($C13*Summary!$B$7,'Price Tiers'!$B13:$G13,1)) -> 0.0047 | P13: =$C13*Summary!$B$7*O13 -> 0.094 | Q13: =INDEX('Price Tiers'!$H13:$M13,MATCH($C13*Summary!$B$8,'Price Tiers'!$B13:$G13,1)) -> 0.0047 | R13: =$C13*Summary!$B$8*Q13 -> 0.94 | S13: OK | T13: LCSC
A14: 10 | B14: C64 | C14: 1 | D14: 22u X7R 25V | E14: capc_3225_27_n | F14: C309062 | G14: CL32B226KAJNNNE | H14: Samsung Electro-Mechanics | I14: 1210 | J14: Extended | K14: 349290 | L14: Cap 22uF 25V X7R ±10% | M14: =INDEX('Price Tiers'!$H14:$M14,MATCH($C14*Summary!$B$6,'Price Tiers'!$B14:$G14,1)) -> 0.3703 | N14: =$C14*Summary!$B$6*M14 -> 0.3703 | O14: =INDEX('Price Tiers'!$H14:$M14,MATCH($C14*Summary!$B$7,'Price Tiers'!$B14:$G14,1)) -> 0.2979 | P14: =$C14*Summary!$B$7*O14 -> 2.979 | Q14: =INDEX('Price Tiers'!$H14:$M14,MATCH($C14*Summary!$B$8,'Price Tiers'!$B14:$G14,1)) -> 0.2311 | R14: =$C14*Summary!$B$8*Q14 -> 23.11 | S14: OK | T14: LCSC
A15: 11 | B15: D1, D8 | C15: 2 | D15: SMAJ48A | E15: do-214ac_440p_430x250x230_n_p | F15: C41376401 | G15: SMAJ48A | H15: hongjiacheng | I15: DO-214AC (SMA) | J15: Preferred | K15: 34117 | L15: TVS diode 48V 400W unidirectional | M15: =INDEX('Price Tiers'!$H15:$M15,MATCH($C15*Summary!$B$6,'Price Tiers'!$B15:$G15,1)) -> 0.0372 | N15: =$C15*Summary!$B$6*M15 -> 0.0744 | O15: =INDEX('Price Tiers'!$H15:$M15,MATCH($C15*Summary!$B$7,'Price Tiers'!$B15:$G15,1)) -> 0.0372 | P15: =$C15*Summary!$B$7*O15 -> 0.744 | Q15: =INDEX('Price Tiers'!$H15:$M15,MATCH($C15*Summary!$B$8,'Price Tiers'!$B15:$G15,1)) -> 0.0294 | R15: =$C15*Summary!$B$8*Q15 -> 5.88 | S15: OK | T15: LCSC
A16: 12 | B16: D2, D3 | C16: 2 | D16: BZT52C18SQ | E16: sod-323_230p_170x125x100_n | F16: C2857090 | G16: BZT52C18SQ | H16: JSMSEMI | I16: SOD-323 | J16: Extended | K16: 174 | L16: Zener diode 18V 200mW | M16: =INDEX('Price Tiers'!$H16:$M16,MATCH($C16*Summary!$B$6,'Price Tiers'!$B16:$G16,1)) -> 0.0192 | N16: =$C16*Summary!$B$6*M16 -> 0.0384 | O16: =INDEX('Price Tiers'!$H16:$M16,MATCH($C16*Summary!$B$7,'Price Tiers'!$B16:$G16,1)) -> 0.0192 | P16: =$C16*Summary!$B$7*O16 -> 0.384 | Q16: =INDEX('Price Tiers'!$H16:$M16,MATCH($C16*Summary!$B$8,'Price Tiers'!$B16:$G16,1)) -> 0.0192 | R16: =$C16*Summary!$B$8*Q16 -> 3.84 | S16: Tight - under 100-board need | T16: LCSC
... A60: 56 | B60: Y1 | C60: 1 | D60: ABM8-272-T3 | E60: osccc_320x205x80_abm8 | F60: C20625731 | G60: ABM8-272-T3 | H60: Abracon LLC | I60: SMD3225-4P | J60: Extended | K60: 9590 | L60: Crystal 12MHz 10pF 30ppm | M60: =INDEX('Price Tiers'!$H60:$M60,MATCH($C60*Summary!$B$6,'Price Tiers'!$B60:$G60,1)) -> 0.2955 | N60: =$C60*Summary!$B$6*M60 -> 0.2955 | O60: =INDEX('Price Tiers'!$H60:$M60,MATCH($C60*Summary!$B$7,'Price Tiers'!$B60:$G60,1)) -> 0.2955 | P60: =$C60*Summary!$B$7*O60 -> 2.955 | Q60: =INDEX('Price Tiers'!$H60:$M60,MATCH($C60*Summary!$B$8,'Price Tiers'!$B60:$G60,1)) -> 0.2316 | R60: =$C60*Summary!$B$8*Q60 -> 23.16 | S60: OK | T60: LCSC
B61: TOTAL | C61: =SUM(C5:C60) -> 209 | N61: =SUM(N5:N60) -> 58.7997 | P61: =SUM(P5:P60) -> 522.614 | R61: =SUM(R5:R60) -> 4489.81
B63: Notes
B64: • Component data and prices come from the JLCPCB/LCSC parts API, retrieved 2026-08-23. Prices change; re-check before you order.
B65: • Designators, quantities, values and footprints come from PCB_files/production/bom.csv (KiCad fabrication toolkit export, rev 1.1.0).
B66: • Unit price is an INDEX/MATCH lookup into the Price Tiers tab against Qty/Bd x build size. Change the build sizes on the Summary tab and the prices follow.
B67: • Prices are component cost only. PCB fabrication, assembly labour, stencil, setup fees, extended-part fees, shipping and duty are NOT included.
B68: • C690105 (LTC7004EMSE#PBF) and C2887910 (INA228AIDGSR) have a minimum order quantity of 2 at LCSC.
B69: • Stock Status compares live JLC stock against the quantity each build size needs.
B70: • Not purchased, so not listed: 68 test points, 11 solder jumpers, 5 mounting holes, 3 fiducials, 1 net tie and connectors J2 and J7 (unpopulated). 209 placements out of 299 designators.

Sheet Price Tiers
A1: PD240W - LCSC volume price tiers (source for BOM unit prices)
A2: Break quantities and unit prices as published by JLCPCB/LCSC on 2026-08-23. Short tier lists are padded by repeating the last tier so lookups stay valid. Row N here matches row N on the BOM tab.
A4: LCSC # | B4: Break 1 | C4: Break 2 | D4: Break 3 | E4: Break 4 | F4: Break 5 | G4: Break 6 | H4: Price 1 | I4: Price 2 | J4: Price 3 | K4: Price 4 | L4: Price 5 | M4: Price 6 | N4: Min Order
A5: C527014 | B5: 1 | C5: 500 | D5: 1500 | E5: 10000 | F5: 20000 | G5: 50000 | H5: 0.0129 | I5: 0.0111 | J5: 0.0101 | K5: 0.0093 | L5: 0.0088 | M5: 0.0085 | N5: 1
A6: C5370002 | B6: 1 | C6: 100 | D6: 300 | E6: 3000 | F6: 6000 | G6: 9000 | H6: 0.1064 | I6: 0.0941 | J6: 0.0877 | K6: 0.0824 | L6: 0.0806 | M6: 0.0795 | N6: 1
A7: C913445 | B7: 1 | C7: 10 | D7: 30 | E7: 100 | F7: 500 | G7: 1000 | H7: 0.9111 | I7: 0.8056 | J7: 0.7601 | K7: 0.7032 | L7: 0.6448 | M7: 0.6285 | N7: 1
A8: C15725 | B8: 1 | C8: 500 | D8: 1500 | E8: 4000 | F8: 24000 | G8: 48000 | H8: 0.0157 | I8: 0.012 | J8: 0.0104 | K8: 0.0091 | L8: 0.0086 | M8: 0.0083 | N8: 1
A9: C296710 | B9: 1 | C9: 500 | D9: 1500 | E9: 5000 | F9: 25000 | G9: 25000 | H9: 0.0056 | I9: 0.0048 | J9: 0.0043 | K9: 0.0041 | L9: 0.0038 | M9: 0.0038 | N9: 1
A10: C437568 | B10: 1 | C10: 10 | D10: 30 | E10: 100 | F10: 500 | G10: 1000 | H10: 0.9046 | I10: 0.7942 | J10: 0.7406 | K10: 0.6935 | L10: 0.6805 | M10: 0.6724 | N10: 1
A11: C5360803 | B11: 1 | C11: 200 | D11: 600 | E11: 4000 | F11: 8000 | G11: 20000 | H11: 0.027 | I11: 0.0215 | J11: 0.0186 | K11: 0.0166 | L11: 0.0151 | M11: 0.0142 | N11: 1
A12: C22367838 | B12: 1 | C12: 10 | D12: 30 | E12: 100 | F12: 500 | G12: 1000 | H12: 0.3557 | I12: 0.2745 | J12: 0.2339 | K12: 0.1998 | L12: 0.1901 | M12: 0.1836 | N12: 1
A13: C1548 | B13: 1 | C13: 1000 | D13: 3000 | E13: 10000 | F13: 50000 | G13: 50000 | H13: 0.0047 | I13: 0.0038 | J13: 0.0033 | K13: 0.0029 | L13: 0.0026 | M13: 0.0026 | N13: 1
A14: C309062 | B14: 1 | C14: 10 | D14: 30 | E14: 100 | F14: 500 | G14: 1000 | H14: 0.3703 | I14: 0.2979 | J14: 0.2627 | K14: 0.2311 | L14: 0.2225 | M14: 0.1824 | N14: 1
A15: C41376401 | B15: 1 | C15: 200 | D15: 600 | E15: 2000 | F15: 10000 | G15: 20000 | H15: 0.0372 | I15: 0.0294 | J15: 0.0255 | K15: 0.0226 | L15: 0.0204 | M15: 0.0192 | N15: 1
A16: C2857090 | B16: 1 | C16: 500 | D16: 3000 | E16: 6000 | F16: 24000 | G16: 45000 | H16: 0.0192 | I16: 0.0153 | J16: 0.0126 | K16: 0.0113 | L16: 0.0102 | M16: 0.0096 | N16: 1
... A60: C20625731 | B60: 1 | C60: 50 | D60: 150 | E60: 500 | F60: 3000 | G60: 6000 | H60: 0.2955 | I60: 0.2316 | J60: 0.2042 | K60: 0.1701 | L60: 0.1548 | M60: 0.1457 | N60: 1
